CUTOUT,SEQUENCE_LENGTH,SCORE,IDX
C3_Y5_45,10,0.9865322682063092,16073.0
C3_Y5_45,10,0.9865246561840983,16075.0
C3_Y5_45,10,0.9865244872559698,16074.0
C3_Y5_45,10,0.9865191881506918,16076.0
C3_Y5_45,10,0.986516783810658,16077.0
X3_Y5_28,10,0.9854855808869902,3711.0
C3_Y5_32,10,0.98544905361846,5067.0
C3_Y5_32,10,0.9854485553400886,5066.0
X3_Y5_28,10,0.9853117320949528,3709.0
X3_Y5_28,10,0.9853097311424982,3710.0
X3_Y5_28,10,0.9852915022371844,3707.0
X3_Y5_28,10,0.985274881370782,3706.0
X3_Y5_28,10,0.9852680363895706,3708.0
C3_Y4_28,10,0.9845775126037807,2647.0
X3_Y2_41,10,0.9844475882049756,631.0
C3_Y1_10,10,0.9842314893232166,9274.0
C3_Y1_10,10,0.9840964194477898,9272.0
C3_Y4_28,10,0.9839015197972489,2648.0
C3_Y1_10,10,0.9838629763382921,9273.0
X3_Y1_60,10,0.9837275886652856,5415.0
X3_Y5_51,10,0.9837190794903266,778.0
C3_Y1_10,10,0.9836690961227408,9767.0
C3_Y1_10,10,0.983647021642472,9768.0
C3_Y1_10,10,0.9836407910103063,9769.0
C3_Y1_10,10,0.9836339472070691,9770.0
C3_Y1_10,10,0.9836333757807554,9771.0
C3_Y1_10,10,0.9836311148744599,9772.0
X3_Y5_41,10,0.983487257169301,734.0
E2_Y5_41,10,0.9834835998762603,11138.0
E2_Y1_50,10,0.9834815103297351,6424.0
E2_Y1_50,10,0.9834765564607943,6423.0
E2_Y5_41,10,0.9834389576141742,11140.0
X3_Y5_41,10,0.9834377566954592,732.0
E2_Y5_41,10,0.9834290747698686,11139.0
X3_Y3_51,10,0.9834079410983572,687.0
E2_Y5_41,10,0.9833918654211395,11143.0
X3_Y1_57,10,0.9833645571871437,8778.0
E2_Y1_50,10,0.9833597244650473,6428.0
E2_Y1_50,10,0.9833596488003085,6422.0
X3_Y2_28,10,0.9833544280847221,5764.0
E2_Y1_50,10,0.9833474713662677,6421.0
E2_Y1_50,10,0.9833339883299216,6429.0
E2_Y5_41,10,0.9833227437095517,11141.0
E2_Y5_41,10,0.9833223902132026,11144.0
X3_Y2_28,10,0.9833100942248066,5763.0
X3_Y5_41,10,0.983301813775544,737.0
E2_Y4_24,10,0.9832951555339995,19849.0
E2_Y5_41,10,0.9832868103387313,11145.0
E2_Y4_9,10,0.9832755760883193,13354.0
E2_Y5_41,10,0.9832728970721321,11142.0
E2_Y1_50,10,0.9832651027241096,6425.0
X3_Y2_28,10,0.9832575571604614,5762.0
E2_Y1_50,10,0.9832481781863567,6426.0
E2_Y4_9,10,0.9832218566027662,13355.0
X3_Y3_51,10,0.9832203706237473,688.0
E2_Y4_24,10,0.9832013464722839,19848.0
E2_Y1_50,10,0.9831999022664079,6427.0
X3_Y5_30,10,0.9831929644901577,12011.0
X3_Y5_30,10,0.9831392312095327,12012.0
X3_Y5_41,10,0.9831208144102319,735.0
X3_Y5_41,10,0.9830983768395106,733.0
E2_Y5_41,10,0.983088884316259,11147.0
E2_Y1_50,10,0.9830799753018358,6430.0
X3_Y2_28,10,0.9830499907766052,5761.0
E2_Y5_41,10,0.9830230496826438,11146.0
E2_Y5_23,10,0.983016538238451,9805.0
E2_Y4_24,10,0.9829880708304977,19850.0
C3_Y2_10,10,0.9829764719852324,1089.0
X3_Y5_51,10,0.9829761919490597,779.0
X3_Y2_8,10,0.9829751605924033,205.0
E2_Y1_38,10,0.9829478070844578,168.0
X3_Y5_48,10,0.9829449296765934,1382.0
C3_Y5_36,10,0.9829305898224725,9401.0
X3_Y3_4,10,0.9829088116334747,10864.0
C3_Y5_47,10,0.9828978002520036,7665.0
X3_Y2_28,10,0.9828975412112112,5760.0
X3_Y2_57,10,0.9828838298370961,7159.0
X3_Y3_51,10,0.9828738286749766,689.0
C3_Y5_27,10,0.9828719529899107,1446.0
E2_Y5_15,10,0.9828565772564692,2628.0
E2_Y5_15,10,0.9828495527548227,2629.0
E2_Y5_15,10,0.9828382509861444,2630.0
X3_Y5_48,10,0.9828306363903673,1381.0
E2_Y4_1,10,0.9828278552830795,6145.0
E2_Y5_15,10,0.982815360023074,2627.0
E2_Y3_14,10,0.9828131811586628,5242.0
X3_Y3_4,10,0.9827778108784512,10865.0
X3_Y3_4,10,0.9827569404676236,10867.0
C3_Y3_20,10,0.9827496473783892,227.0
C3_Y5_27,10,0.982749127044934,1450.0
E2_Y2_25,10,0.9827353723175822,666.0
E2_Y1_38,10,0.9827245767750533,169.0
C3_Y5_47,10,0.9827169036495685,7664.0
X3_Y3_4,10,0.9827088080807604,10866.0
X3_Y3_29,10,0.9827085345068883,6535.0
C3_Y2_10,10,0.9827056180224487,1087.0
X3_Y3_29,10,0.9826995462512264,6537.0
E2_Y2_5,10,0.982680500309605,1376.0
E2_Y1_38,10,0.9826470398520579,166.0
X3_Y5_48,10,0.9826366947876927,1383.0
C3_Y1_58,10,0.9826077277672768,346.0
C3_Y1_62,10,0.9825947131767497,3477.0
E2_Y2_5,10,0.982592323175832,1375.0
E2_Y5_19,10,0.9825921803523693,10603.0
E2_Y3_30,10,0.9825915999564202,5095.0
E2_Y3_30,10,0.9825828110102146,5093.0
E2_Y2_5,10,0.9825819080385576,1377.0
C3_Y5_27,10,0.9825809415035999,1451.0
E2_Y5_19,10,0.9825787857255915,10608.0
E2_Y5_26,10,0.9825701130251007,7355.0
E2_Y3_30,10,0.9825668612201233,5092.0
E2_Y2_5,10,0.9825659497708364,1381.0
E2_Y3_30,10,0.9825640814753117,5094.0
E1_Y1_57,10,0.9825479731743578,5798.0
E2_Y5_19,10,0.9825441863798443,10609.0
C3_Y1_62,10,0.9825407990179442,3476.0
X3_Y3_26,10,0.9825308094463343,11599.0
E2_Y5_19,10,0.9825242720015535,10605.0
X3_Y3_26,10,0.982522557438763,11600.0
E2_Y5_15,10,0.9825193740509078,2631.0
C3_Y3_46,10,0.9825070308962344,5292.0
X3_Y2_59,10,0.9825022903115928,7055.0
E2_Y1_45,10,0.9824927117725676,15651.0
E2_Y5_19,10,0.9824877200570651,10604.0
E2_Y5_19,10,0.9824790977398095,10607.0
X3_Y3_26,10,0.9824790898866478,11598.0
E1_Y2_18,10,0.9824745321103615,12414.0
E2_Y2_40,10,0.9824732890305767,14958.0
C3_Y3_46,10,0.9824730445323256,5294.0
C3_Y5_27,10,0.982467255739846,1449.0
C3_Y3_46,10,0.9824665876439516,5293.0
E1_Y2_5,10,0.9824634337291066,11260.0
E2_Y5_15,10,0.9824456586939546,2632.0
C3_Y1_58,10,0.9824434285379906,345.0
X3_Y4_51,10,0.9824412546598642,10729.0
X3_Y3_29,10,0.9824409647930471,6536.0
E1_Y1_57,10,0.98243861603542,5800.0
E1_Y1_57,10,0.9824367417412153,5799.0
X3_Y5_41,10,0.9824297038513473,736.0
E2_Y5_15,10,0.9824269200380304,2633.0
E2_Y2_38,10,0.9824196462126962,482.0
E1_Y2_27,10,0.9824138684430276,4096.0
E2_Y5_19,10,0.9824121515053653,10606.0
E2_Y3_30,10,0.9824086056893725,5091.0
C3_Y2_10,10,0.9824080693373598,1086.0
X3_Y2_8,10,0.9824020417993065,206.0
C3_Y5_9,10,0.9823990569828996,5239.0
E2_Y5_19,10,0.9823901019943657,10602.0
C3_Y1_58,10,0.9823848308103889,342.0
E2_Y1_38,10,0.9823801182038181,167.0
E2_Y5_19,10,0.9823788685008848,10601.0
E1_Y1_44,10,0.9823753469066917,12435.0
E2_Y5_47,10,0.9823733116699827,10597.0
E2_Y3_3,10,0.9823617556575637,8721.0
C3_Y1_58,10,0.9823551403718669,343.0
C3_Y2_10,10,0.982352022080098,1088.0
E2_Y4_3,10,0.98234955392603,2221.0
X3_Y3_51,10,0.9823432206918352,690.0
X3_Y2_53,10,0.9823424067163684,3082.0
E1_Y2_53,10,0.9823384857463313,7391.0
E2_Y4_3,10,0.9823188530883852,2220.0
E2_Y5_47,10,0.9823085662698788,10598.0
E2_Y2_40,10,0.9823081281202325,14957.0
X3_Y1_49,10,0.9823047322144711,1487.0
E1_Y1_57,10,0.9822996314346389,5797.0
C3_Y4_28,10,0.9822975345080343,917.0
E1_Y1_57,10,0.9822965789296563,5801.0
X3_Y2_62,10,0.9822858419168352,9035.0
E2_Y4_3,10,0.9822769531219379,2222.0
E2_Y2_5,10,0.9822765821499386,1380.0
C3_Y5_9,10,0.9822611272698748,5240.0
E2_Y3_9,10,0.9822488883257092,4654.0
C3_Y4_14,10,0.9822455423395628,8958.0
E2_Y5_23,10,0.9822449946619666,9806.0
C3_Y5_1,10,0.9822437637687746,4049.0
X3_Y2_53,10,0.9822402689037156,3083.0
E2_Y3_52,10,0.9822384049889306,15764.0
C3_Y2_10,10,0.9822362761198277,1090.0
E2_Y1_19,10,0.9822313166874422,5127.0
X3_Y4_51,10,0.9822279711838395,10728.0
E2_Y4_3,10,0.9822251687973224,2218.0
E2_Y3_9,10,0.9822190675341665,4655.0
E2_Y1_19,10,0.9822114019117626,5126.0
C3_Y1_10,10,0.9821900418894264,9773.0
E1_Y1_44,10,0.9821853019103299,12434.0
C3_Y4_28,10,0.9821690152858382,15798.0
C3_Y1_58,10,0.9821646369684865,341.0
E2_Y2_40,10,0.9821636166914111,14956.0
E2_Y2_38,10,0.9821589055419331,480.0
E2_Y4_3,10,0.9821542355695141,2219.0
C3_Y2_37,10,0.9821512630437783,10484.0
C3_Y2_37,10,0.9821499540920524,10490.0
C3_Y1_58,10,0.9821433857644771,344.0
C3_Y4_28,10,0.9821427733408754,15799.0
C3_Y2_37,10,0.9821340742897157,10489.0
E2_Y5_38,10,0.9821283410749121,509.0
X3_Y3_58,10,0.9821092976406255,13105.0
C3_Y2_37,10,0.9821051033427189,10486.0
C3_Y2_37,10,0.9820977459805609,10487.0
E1_Y2_25,10,0.9820956237251449,17569.0
C3_Y2_48,10,0.9820872182686885,4239.0
X3_Y5_57,10,0.9820808651461254,14448.0
C3_Y2_11,10,0.982078805555154,17208.0
C3_Y2_37,10,0.9820785247715118,10485.0
C3_Y2_37,10,0.9820686125393511,10488.0
E2_Y2_57,10,0.9820661344884072,5078.0
E2_Y2_5,10,0.9820514453199821,1378.0
X3_Y3_51,10,0.9820381625392564,693.0
E2_Y3_52,10,0.9820368463682989,15763.0
X3_Y2_48,10,0.9820258692095813,461.0
E2_Y1_19,10,0.9820108691505742,5128.0
C3_Y2_18,10,0.9820076105237543,4114.0
C3_Y2_11,10,0.98199915622631,17206.0
E1_Y2_27,10,0.9819952928776633,4090.0
E1_Y2_27,10,0.9819904003390761,4091.0
C3_Y4_28,10,0.9819856703230869,918.0
E1_Y2_53,10,0.981985269111685,7390.0
E2_Y4_1,10,0.9819765268397517,16845.0
E1_Y1_44,10,0.9819753159768525,12433.0
E2_Y1_19,10,0.9819726316337616,5129.0
E1_Y2_41,10,0.9819725746463012,9149.0
E1_Y2_27,10,0.9819687188858902,4095.0
X3_Y3_51,10,0.9819615342459789,691.0
E2_Y3_10,10,0.9819605357874464,1109.0
X3_Y2_53,10,0.9819503382395176,3084.0
C3_Y2_11,10,0.981948937992423,17207.0
E2_Y4_14,10,0.9819417152599472,13510.0
E2_Y3_30,10,0.981938923243388,2278.0
X3_Y5_51,10,0.9819385916223516,781.0
E2_Y2_6,10,0.9819337975415949,10448.0
X3_Y3_51,10,0.9819118187658193,692.0
X3_Y5_41,10,0.981909776167954,731.0
C3_Y2_11,10,0.9819057742630446,17211.0
E2_Y1_19,10,0.9818976342718346,5125.0
E2_Y3_55,10,0.9818951714541317,14601.0
C3_Y3_53,10,0.981885963300484,3611.0
E2_Y1_7,10,0.9818834964142759,11655.0
E2_Y5_32,10,0.9818821839238967,9779.0
E2_Y2_38,10,0.981880636652371,481.0
E2_Y3_55,10,0.9818733432509026,14603.0
C3_Y4_28,10,0.981871750610811,919.0
E1_Y2_18,10,0.9818636845055513,12413.0
C3_Y5_31,10,0.9818538581756243,2290.0
C3_Y4_20,10,0.9818388624500485,1964.0
C3_Y4_20,10,0.9818364408377899,1963.0
C3_Y4_28,10,0.9818350835843895,924.0
C3_Y2_48,10,0.9818343132933166,4238.0
E2_Y3_55,10,0.9818273679193691,14600.0
X3_Y4_51,10,0.9818246280175255,820.0
E2_Y3_30,10,0.9818242341105101,7069.0
E2_Y1_62,10,0.9818232665442336,13833.0
E2_Y4_24,10,0.9818148495918843,19846.0
X3_Y2_57,10,0.9818099031503311,11764.0
E2_Y4_26,10,0.9818091041715643,9931.0
C3_Y5_27,10,0.9818069408526285,1448.0
E2_Y5_17,10,0.9818050246055101,3233.0
E2_Y3_55,10,0.981804712371375,14602.0
E2_Y3_9,10,0.9818005928582746,4653.0
E2_Y5_12,10,0.981798613587169,12335.0
X3_Y2_58,10,0.9817982822405202,3807.0
C3_Y2_35,10,0.9817965126961371,608.0
C3_Y4_20,10,0.9817963408538231,1965.0
E1_Y1_59,10,0.9817944765511106,17067.0
E2_Y1_62,10,0.9817939325730157,13832.0
E2_Y4_24,10,0.9817933093158356,19847.0
X3_Y4_10,10,0.9817891825551187,10805.0
E2_Y2_38,10,0.9817844779530958,477.0
C3_Y2_18,10,0.9817766153677223,4118.0
E2_Y4_56,10,0.9817761510850251,3967.0
E1_Y2_47,10,0.9817741986187469,5727.0
E2_Y1_45,10,0.9817724123934914,15648.0
E2_Y5_38,10,0.9817711677146893,508.0
E1_Y1_44,10,0.9817709498793411,12432.0
E2_Y1_45,10,0.9817683025974959,15649.0
E2_Y2_38,10,0.9817651773041134,474.0
E2_Y5_12,10,0.9817638836234751,12336.0
E2_Y5_60,10,0.9817579174346986,5091.0
E2_Y5_60,10,0.9817558637572524,5092.0
E2_Y3_7,10,0.9817535771247566,7033.0
X3_Y1_60,10,0.9817533641337682,5414.0
X3_Y1_60,10,0.9817516698945814,5413.0
E2_Y3_52,10,0.9817471274934608,15766.0
E2_Y1_45,10,0.9817469695597584,15650.0
E2_Y5_17,10,0.9817461653960126,3234.0
E2_Y5_12,10,0.9817459003660017,12337.0
E2_Y1_12,10,0.9817456256094245,7979.0
C3_Y2_11,10,0.9817427896056987,17212.0
E2_Y5_17,10,0.9817420163152858,3232.0
E2_Y5_12,10,0.9817394223024763,12338.0
C3_Y2_35,10,0.9817369039260209,607.0
E2_Y5_60,10,0.9817332359129415,5090.0
X3_Y3_58,10,0.9817265957052838,13103.0
C3_Y1_58,10,0.9817239272955954,340.0
C3_Y1_45,10,0.9817155783535175,10363.0
E2_Y3_43,10,0.981714941187726,10585.0
E2_Y5_17,10,0.9817130472890021,3235.0
E2_Y5_32,10,0.9817074603890066,4306.0
X3_Y5_51,10,0.9817074430268964,782.0
X3_Y1_51,10,0.9817052042324546,477.0
C3_Y1_49,10,0.981701386782226,9829.0
E1_Y1_59,10,0.9816865678000939,17068.0
E2_Y5_60,10,0.9816775545846244,5094.0
C3_Y4_28,10,0.9816678134946163,923.0
E1_Y2_41,10,0.981664409953311,11539.0
C3_Y1_49,10,0.9816638641869663,9830.0
E2_Y2_5,10,0.9816587743164055,1379.0
E2_Y4_56,10,0.9816558242526041,3966.0
E1_Y2_53,10,0.9816437364959912,7388.0
E2_Y5_17,10,0.9816396498620916,3230.0
C3_Y1_49,10,0.9816385698158334,9828.0
E2_Y5_14,10,0.9816382975192826,476.0
E1_Y2_53,10,0.9816382600133399,7389.0
E2_Y2_38,10,0.9816258585560378,475.0
E2_Y2_57,10,0.9816216557710398,5079.0
E2_Y1_35,10,0.9816095920091473,2385.0
C3_Y2_29,10,0.9816076025667783,6353.0
C3_Y2_10,10,0.9816074071271329,11168.0
C3_Y1_49,10,0.9816072443585322,9831.0
C3_Y2_11,10,0.9816055849192589,17209.0
E2_Y5_32,10,0.981600642527288,9788.0
E1_Y1_59,10,0.9816003357714427,17069.0
E2_Y2_46,10,0.9816000108492478,648.0
X3_Y3_51,10,0.9815990330643997,696.0
E2_Y3_55,10,0.9815974580986524,14597.0
E2_Y2_38,10,0.9815943983082066,479.0
E2_Y2_46,10,0.9815928457287008,646.0
E2_Y2_46,10,0.9815878013402457,647.0
E2_Y3_10,10,0.981586779407383,1107.0
C3_Y5_1,10,0.9815768731549792,4048.0
X3_Y4_50,10,0.9815767923147231,13130.0
E2_Y5_32,10,0.9815750455161235,9786.0
E2_Y1_1,10,0.9815749517796516,4197.0
E2_Y3_52,10,0.981567168908599,15767.0
C3_Y2_11,10,0.9815662008219322,17213.0
X3_Y4_50,10,0.9815615292031881,13131.0
E2_Y5_17,10,0.9815568339871124,3228.0
E2_Y4_38,10,0.9815567819386282,688.0
X3_Y2_48,10,0.9815478310753696,462.0
E2_Y5_9,10,0.9815474441794295,15029.0
E2_Y2_38,10,0.9815455824408217,478.0
E2_Y5_60,10,0.9815450427393883,5093.0
E2_Y3_7,10,0.9815338977217076,7034.0
C3_Y1_58,10,0.9815331274874045,337.0
E2_Y5_17,10,0.9815324558812415,3229.0
X3_Y3_48,10,0.981530353343884,8428.0
E2_Y5_32,10,0.9815291142096031,9780.0
E2_Y5_17,10,0.9815247185396029,3231.0
E1_Y1_38,10,0.9815245430734806,2862.0
C3_Y1_58,10,0.9815243161833423,338.0
C3_Y4_28,10,0.9815210156603783,920.0
X3_Y3_29,10,0.9815158516010949,6538.0
C3_Y2_29,10,0.9815086836325941,6354.0
X3_Y2_58,10,0.9815084500341527,3809.0
E2_Y1_58,10,0.9815053528796888,14815.0
E2_Y1_58,10,0.9815045118533918,14816.0
C3_Y2_29,10,0.9814964750981408,6355.0
X3_Y4_34,10,0.9814962494190927,6204.0
E2_Y1_58,10,0.9814900071964174,14818.0
C3_Y4_28,10,0.9814900041876157,922.0
C3_Y5_31,10,0.9814853792620671,2289.0
E2_Y5_60,10,0.9814842774824207,5095.0
E2_Y1_58,10,0.9814804016065624,14817.0
X3_Y3_37,10,0.9814728706989951,7960.0
E2_Y5_32,10,0.9814702484810354,9787.0
C3_Y4_28,10,0.9814695744621543,921.0
X3_Y3_37,10,0.9814686415065584,7957.0
X3_Y2_58,10,0.9814635460914766,3808.0
C3_Y4_20,10,0.9814621095495293,305.0
E2_Y3_43,10,0.9814599120456865,10586.0
E1_Y1_42,10,0.9814557902712542,5975.0
E2_Y1_62,10,0.9814485254250166,13834.0
C3_Y2_11,10,0.9814384594317368,17215.0
C3_Y2_10,10,0.9814350016941549,11167.0
X3_Y3_48,10,0.9814341794681375,8433.0
E2_Y3_51,10,0.9814310175771295,15924.0
C3_Y2_10,10,0.9814269082352928,11170.0
E2_Y1_19,10,0.9814239042779872,5130.0
E2_Y3_51,10,0.981412787531688,15925.0
E2_Y3_52,10,0.9814125182912472,15765.0
X3_Y3_29,10,0.981408840352907,6539.0
X3_Y3_48,10,0.9814078789650817,8432.0
E2_Y5_32,10,0.9814004771142905,9781.0
X3_Y1_51,10,0.9813964180326877,475.0
X3_Y3_37,10,0.9813915524597756,7959.0
X3_Y2_62,10,0.9813905122281006,9034.0
E2_Y1_58,10,0.9813904053304866,14821.0
E2_Y1_32,10,0.9813888770579351,4523.0
E2_Y1_58,10,0.9813836599661568,14823.0
C3_Y5_25,10,0.9813832969513974,13283.0
X3_Y3_41,10,0.981381255015847,1549.0
E2_Y5_9,10,0.9813807970251408,15028.0
C3_Y2_58,10,0.9813771064460489,3593.0
E2_Y1_58,10,0.9813754595623726,14820.0
E2_Y1_62,10,0.9813730957039672,4762.0
E2_Y4_14,10,0.9813715971977365,13502.0
E2_Y1_58,10,0.981368121927735,14822.0
E1_Y1_59,10,0.9813624511219118,17070.0
C3_Y2_10,10,0.9813599735818964,11169.0
C3_Y2_11,10,0.9813570658778593,17214.0
X3_Y1_40,10,0.9813527751469133,7350.0
X3_Y3_4,10,0.9813514906913746,11314.0
X3_Y1_51,10,0.9813501669227199,481.0
X3_Y3_58,10,0.98134863987072,13104.0
X3_Y3_48,10,0.9813421656580824,8430.0
E1_Y2_47,10,0.9813417705778235,5729.0
E2_Y1_58,10,0.9813411002395204,14819.0
E2_Y3_51,10,0.9813400408669466,15922.0
X3_Y3_37,10,0.9813313971001519,7956.0
E2_Y5_32,10,0.9813291610874325,9782.0
E2_Y5_26,10,0.9813275112328012,7356.0
X3_Y1_40,10,0.9813269230593838,7349.0
E2_Y3_55,10,0.9813260845214983,14599.0
E1_Y2_41,10,0.9813226789554018,11540.0
C3_Y5_32,10,0.9813226583952572,5073.0
E2_Y4_38,10,0.981318491696956,689.0
C3_Y2_10,10,0.9813177529888387,11171.0
E2_Y4_7,10,0.9813163179229074,15602.0
X3_Y4_50,10,0.9813135639421428,13786.0
E1_Y2_46,10,0.9813066693204348,602.0
X3_Y3_29,10,0.981306144180466,6540.0
X3_Y3_37,10,0.9813031143266506,7955.0
E2_Y1_32,10,0.9812987226210776,4521.0
E1_Y1_57,10,0.9812968682909343,4553.0
E2_Y4_38,10,0.9812920670193308,687.0
E2_Y3_9,10,0.9812919538675726,6904.0
E1_Y1_57,10,0.9812895435619743,5342.0
E2_Y5_9,10,0.9812861381661875,15023.0
C3_Y1_58,10,0.9812845505029187,339.0
C3_Y5_25,10,0.9812822878083732,13284.0
E2_Y3_51,10,0.9812799174308977,15923.0
E1_Y1_57,10,0.9812783160104038,5343.0
E2_Y4_27,10,0.9812744361511946,20212.0
E1_Y2_47,10,0.9812743968475401,5726.0
E1_Y2_27,10,0.981268996199937,4089.0
X3_Y3_48,10,0.9812682537166253,8431.0
E1_Y2_46,10,0.9812675247066898,603.0
E2_Y3_51,10,0.9812656601012049,15926.0
X3_Y3_51,10,0.9812611341444155,694.0
X3_Y3_48,10,0.9812582991530853,8429.0
C3_Y4_35,10,0.9812570837202136,2114.0
X3_Y3_29,10,0.98125536371698,6541.0
E1_Y2_47,10,0.9812550128320435,5728.0
C3_Y5_32,10,0.9812496844240653,5072.0
C3_Y5_9,10,0.9812471521863064,12327.0
C3_Y3_34,10,0.9812336585434613,10883.0
E2_Y3_10,10,0.9812281979090578,1108.0
X3_Y1_40,10,0.9812153915976223,7351.0
E2_Y4_38,10,0.9812151659280356,686.0
E1_Y1_57,10,0.9812140273520695,5341.0
E2_Y4_51,10,0.9812122493016716,19114.0
E1_Y2_56,10,0.9812113140090508,8847.0
E1_Y2_22,10,0.9812094246519144,9706.0
C3_Y5_9,10,0.9812085746465206,12332.0
E2_Y3_51,10,0.9812055642552996,15927.0
E1_Y1_59,10,0.981197648703663,17071.0
C3_Y2_10,10,0.9811948452385186,11172.0
C3_Y4_20,10,0.9811917810105635,306.0
E2_Y5_9,10,0.981189013840272,15027.0
E2_Y3_1,10,0.9811876229980482,14264.0
E2_Y3_1,10,0.9811857118886004,14262.0
E2_Y3_1,10,0.9811841976098151,14261.0
E1_Y1_41,10,0.9811820765844121,5099.0
E2_Y5_37,10,0.981181711166396,10522.0
E2_Y4_7,10,0.9811802011548106,8608.0
E2_Y5_9,10,0.9811778344957597,15024.0
E2_Y3_1,10,0.9811749312103087,14263.0
E1_Y2_57,10,0.9811681071156685,1272.0
E2_Y3_55,10,0.9811648299724183,14598.0
X3_Y1_51,10,0.9811623036103381,483.0
X3_Y1_51,10,0.9811603973547118,480.0
X3_Y1_51,10,0.9811418145036209,478.0
X3_Y2_19,10,0.9811384339635637,4484.0
E2_Y4_38,10,0.9811382567091914,683.0
X3_Y4_50,10,0.98113548232913,13124.0
C3_Y5_33,10,0.9811349275836883,1151.0
E2_Y4_51,10,0.9811344218306208,19113.0
X3_Y1_48,10,0.9811329330036483,2363.0
C3_Y1_11,10,0.9811300896766129,3091.0
X3_Y5_59,10,0.9811265167624819,3345.0
E2_Y3_51,10,0.9811234616839329,15921.0
E2_Y5_9,10,0.9811135270087611,15025.0
C3_Y2_58,10,0.9811132850178447,3500.0
E1_Y2_47,10,0.9811125935611601,5730.0
X3_Y1_51,10,0.981110787144764,482.0
E2_Y3_51,10,0.9811069377898837,15929.0
E2_Y4_27,10,0.9811060370038654,20214.0
C3_Y2_58,10,0.9811045179469517,3499.0
E2_Y3_51,10,0.9811036946044608,15928.0
E2_Y1_32,10,0.981099771448785,4522.0
C3_Y5_9,10,0.9810917751325854,12330.0
X3_Y1_40,10,0.9810914653868616,7348.0
X3_Y4_60,10,0.9810899947357005,1159.0
C3_Y2_58,10,0.9810899560186677,3498.0
E1_Y2_53,10,0.9810896771462769,7387.0
E2_Y3_43,10,0.9810896094009312,10587.0
X3_Y3_37,10,0.9810886015280663,7958.0
E1_Y2_43,10,0.9810781883966598,18965.0
E2_Y3_1,10,0.9810776179827415,14260.0
E2_Y5_14,10,0.9810732702075652,478.0
X3_Y5_51,10,0.9810710246385889,780.0
C3_Y5_9,10,0.981069752426413,12329.0
E2_Y4_7,10,0.9810676308427733,15603.0
C3_Y2_58,10,0.9810664070552734,3497.0
X3_Y1_51,10,0.9810653453456744,479.0
X3_Y5_59,10,0.981059115574518,3344.0
C3_Y2_58,10,0.9810588118937058,3496.0
X3_Y4_13,10,0.9810586332863188,772.0
X3_Y1_40,10,0.9810568294907972,7345.0
C3_Y4_28,10,0.9810546910086676,2645.0
X3_Y3_51,10,0.9810521792648219,695.0
X3_Y1_40,10,0.9810513032872252,7347.0
C3_Y5_32,10,0.9810502704545528,5071.0
E1_Y1_41,10,0.9810483796024774,5098.0
E2_Y3_55,10,0.981034756259465,14596.0
E2_Y4_38,10,0.9810332366253912,685.0
C3_Y5_33,10,0.9810297842241744,1150.0
X3_Y3_29,10,0.9810261975433566,6542.0
E2_Y4_38,10,0.9810259180464975,684.0
E2_Y1_17,10,0.9810224679728443,11941.0
E2_Y1_29,10,0.9810209266905372,11486.0
C3_Y4_28,10,0.9810201850493117,2643.0
E2_Y5_7,10,0.9810170103283191,6316.0
X3_Y4_50,10,0.9810157739284524,13122.0
X3_Y1_51,10,0.9810136625917693,476.0
E1_Y2_56,10,0.9810124509151691,17216.0
E2_Y1_32,10,0.9810122440080155,4520.0
E1_Y2_56,10,0.9810108496460612,17218.0
X3_Y4_60,10,0.9810106034352534,1158.0
E2_Y3_52,10,0.9810092366161345,15762.0
C3_Y4_19,10,0.9810089707156527,10372.0
E1_Y2_56,10,0.9810073785107966,17217.0
E2_Y2_26,10,0.9810063164321936,14921.0
E2_Y1_13,10,0.9810055382974208,12849.0
E2_Y4_7,10,0.981004835373228,15605.0
E2_Y3_7,10,0.9810029776179707,7036.0
E2_Y1_57,10,0.9809994387373604,5064.0
E1_Y2_56,10,0.9809984170126539,17219.0
X3_Y1_48,10,0.980998257300163,2362.0
E1_Y2_56,10,0.9809943578932047,17220.0
C3_Y2_11,10,0.9809886191906495,17210.0
E1_Y2_56,10,0.9809882226816831,17221.0
X3_Y1_40,10,0.9809879165786909,7346.0
E1_Y2_53,10,0.9809786103362165,7386.0
C3_Y5_9,10,0.9809771113095956,12328.0
E2_Y5_19,10,0.9809748065485967,17853.0
C3_Y4_28,10,0.9809725308159105,2644.0
X3_Y1_7,10,0.9809675407467334,3220.0
E2_Y3_1,10,0.9809671899280286,14259.0
E2_Y3_7,10,0.9809632391254393,7035.0
X3_Y3_29,10,0.9809607468347264,6545.0
X3_Y1_7,10,0.9809562728034198,3227.0
C3_Y5_36,10,0.9809547157390963,3193.0
E2_Y5_14,10,0.9809510728939804,477.0
C3_Y5_36,10,0.9809483440811796,3196.0
C3_Y4_20,10,0.9809463194036613,307.0
E2_Y3_43,10,0.9809429203471737,10588.0
X3_Y3_41,10,0.9809408491183844,1547.0
E2_Y4_38,10,0.9809379400613327,682.0
E2_Y4_29,10,0.9809310076876792,1120.0
C3_Y5_31,10,0.9809277834633839,2288.0
E2_Y5_19,10,0.9809274029729746,17851.0
E2_Y5_52,10,0.9809199873176498,2135.0
E2_Y4_7,10,0.9809197979902243,15604.0
E2_Y4_29,10,0.9809183298463977,1121.0
C3_Y4_32,10,0.9809176056997453,1031.0
C3_Y2_19,10,0.9809151679553897,2820.0
X3_Y3_41,10,0.9809130525785862,1545.0
E2_Y5_37,10,0.9809120919760771,10523.0
E2_Y3_51,10,0.9809106673936433,15920.0
X3_Y5_59,10,0.9809079217012756,3346.0
E2_Y3_27,10,0.9808945537847091,2690.0
E2_Y1_29,10,0.9808940093808405,11487.0
C3_Y5_9,10,0.9808928709373373,12331.0
X3_Y3_51,10,0.9808888355760674,686.0
X3_Y1_7,10,0.980886169162785,3226.0
E2_Y4_23,10,0.9808849696160079,3411.0
E2_Y2_10,10,0.9808842496230157,1101.0
E2_Y5_19,10,0.9808836485060742,17852.0
X3_Y4_60,10,0.9808794921966542,1157.0
E1_Y1_41,10,0.980873201208684,5097.0
E2_Y4_14,10,0.9808694597070431,13503.0
E2_Y2_38,10,0.980868707894554,476.0
C3_Y4_19,10,0.9808667450772411,10373.0
E2_Y4_29,10,0.9808590452699303,1119.0
X3_Y3_41,10,0.9808588148222153,1546.0
E2_Y3_9,10,0.9808588030613961,4652.0
E2_Y5_37,10,0.9808553765566895,10524.0
C3_Y1_11,10,0.9808550922722403,3093.0
X3_Y1_7,10,0.9808541927730055,3221.0
E2_Y3_27,10,0.9808538298434006,2691.0
E2_Y4_24,10,0.9808499007458145,19855.0
C3_Y5_36,10,0.9808486525283588,3194.0
E2_Y3_42,10,0.9808486004893363,6753.0
E2_Y4_7,10,0.9808463115671234,15609.0
X3_Y4_57,10,0.9808442356264374,14388.0
E2_Y2_51,10,0.9808436948558386,1766.0
X3_Y4_50,10,0.9808422012885842,13123.0
C3_Y1_49,10,0.9808397895732015,9832.0
E2_Y1_29,10,0.9808370735998466,11485.0
E2_Y3_42,10,0.9808365584702936,6757.0
E2_Y3_27,10,0.9808345269803943,2692.0
C3_Y5_36,10,0.9808340860301025,3195.0
X3_Y4_59,10,0.9808337545509906,5253.0
E2_Y3_42,10,0.9808292505073606,6754.0
X3_Y4_50,10,0.9808285810962982,13125.0
E2_Y2_23,10,0.9808282082698176,13316.0
X3_Y1_40,10,0.980821177003098,7344.0
E2_Y2_57,10,0.980817787219018,11522.0
E2_Y5_14,10,0.9808148474494813,481.0
C3_Y2_19,10,0.980808297704568,2821.0
X3_Y3_29,10,0.9808052255099116,6543.0
X3_Y3_36,10,0.9808045697993045,8826.0
C3_Y2_35,10,0.9808004940841379,606.0
E1_Y2_40,10,0.9807966463945063,10797.0
E2_Y3_43,10,0.9807935082711391,10590.0
E2_Y4_27,10,0.9807919210431058,20213.0
E2_Y4_7,10,0.9807884671658732,15606.0
E2_Y4_7,10,0.9807875441260769,15608.0
E2_Y5_37,10,0.9807852434335833,10521.0
E1_Y1_20,10,0.9807804912111239,2780.0
E1_Y2_27,10,0.9807790769324166,4087.0
E2_Y4_23,10,0.9807781249305386,3410.0
E2_Y1_62,10,0.9807706507455061,13830.0
C3_Y4_20,10,0.9807656589921568,309.0
E2_Y1_32,10,0.9807645187887887,4518.0
X3_Y1_7,10,0.9807637687456263,3225.0
E1_Y1_15,10,0.9807626327999963,16673.0
E2_Y5_32,10,0.9807614355334746,9783.0
E2_Y3_1,10,0.9807574625622616,14258.0
E1_Y1_25,10,0.9807566669139923,342.0
X3_Y5_14,10,0.9807560342330182,2620.0
E2_Y3_56,10,0.98075489160747,700.0
E2_Y4_3,10,0.9807538372968738,16026.0
X3_Y1_7,10,0.9807531320261942,3224.0
E2_Y5_14,10,0.9807504088903775,482.0
E2_Y1_58,10,0.9807499104700814,14824.0
E2_Y2_60,10,0.980748153329909,10453.0
X3_Y3_41,10,0.9807456679083468,1544.0
E2_Y3_56,10,0.9807419715481928,699.0
E2_Y2_40,10,0.980741113831562,3383.0
E2_Y2_60,10,0.9807404527088968,10452.0
X3_Y3_41,10,0.9807374761525021,1548.0
E2_Y1_26,10,0.9807349672660718,10558.0
E2_Y4_38,10,0.9807339993780997,680.0
E2_Y3_56,10,0.9807317402032844,8808.0
E2_Y4_7,10,0.9807261348814748,15610.0
E2_Y5_26,10,0.9807218742290839,5404.0
E2_Y1_32,10,0.9807203789871191,4517.0
C3_Y1_30,10,0.9807163173319501,3465.0
C3_Y4_28,10,0.9807129071107268,2646.0
E2_Y4_7,10,0.9807088351802162,15607.0
C3_Y1_30,10,0.9807078619558788,3464.0
E2_Y1_24,10,0.9807059433244268,17349.0
E2_Y5_38,10,0.9807057104545319,510.0
E2_Y3_42,10,0.9807042188647604,6755.0
X3_Y2_60,10,0.9807035849726964,13447.0
C3_Y1_53,10,0.9806980886300616,227.0
E2_Y1_51,10,0.9806956089990237,15544.0
X3_Y5_51,10,0.9806945142209913,777.0
E2_Y4_23,10,0.9806926188746365,3412.0
E1_Y2_53,10,0.9806901819345204,7383.0
E2_Y5_52,10,0.9806811381201057,2134.0
E2_Y2_26,10,0.9806810183357375,1068.0
E1_Y1_3,10,0.9806787616398721,10593.0
X3_Y2_48,10,0.9806769827757731,460.0
E2_Y2_57,10,0.9806754881771997,11521.0
C3_Y2_18,10,0.9806734002486152,4117.0
C3_Y3_53,10,0.9806712772457293,3610.0
E2_Y1_26,10,0.9806676826644416,10559.0
C3_Y2_1,10,0.9806625939860477,3868.0
E2_Y2_52,10,0.980661571031328,4090.0
E2_Y5_3,10,0.9806585256698839,15230.0
E2_Y3_3,10,0.9806580926862932,8729.0
E1_Y1_57,10,0.9806558988914135,1576.0
X3_Y2_48,10,0.9806512663965525,459.0
E2_Y1_26,10,0.9806504596403173,10560.0
X3_Y2_62,10,0.9806500895766358,9032.0
X3_Y5_41,10,0.9806453553502166,729.0
E2_Y1_24,10,0.9806430507784505,17347.0
X3_Y2_58,10,0.9806416988898002,3806.0
E2_Y5_16,10,0.9806416723309754,9677.0
E2_Y1_51,10,0.980641394631828,15547.0
C3_Y3_53,10,0.9806400998252548,3613.0
E2_Y3_10,10,0.9806389983199959,1295.0
E2_Y5_23,10,0.9806377304128664,9802.0
E2_Y4_45,10,0.9806366648523798,7172.0
C3_Y2_19,10,0.9806360028781669,10992.0
E2_Y4_27,10,0.9806315724650227,20215.0
E1_Y2_53,10,0.9806313996954681,12976.0
E1_Y2_22,10,0.9806252103633629,9705.0
E1_Y2_41,10,0.9806248855641694,8914.0
C3_Y5_35,10,0.9806230395981161,14313.0
E2_Y4_23,10,0.9806207484808026,3413.0
E2_Y3_56,10,0.9806206535237789,701.0
E2_Y2_40,10,0.9806190380054408,3387.0
E2_Y2_40,10,0.9806160779312237,3385.0
X3_Y5_14,10,0.9806151392229507,2621.0
E2_Y1_26,10,0.9806144516266154,10561.0
E2_Y3_49,10,0.9806138183211731,4554.0
E1_Y1_45,10,0.9806130298069805,8611.0
E2_Y3_43,10,0.9806122704914106,10589.0
C3_Y1_37,10,0.9806107402413762,10744.0
E2_Y1_51,10,0.9806090707538409,15546.0
E1_Y1_1,10,0.980605584044716,6710.0
X3_Y1_59,10,0.980605207830968,7791.0
E1_Y2_25,10,0.9806039310204349,17568.0
X3_Y4_37,10,0.9806038771837006,16095.0
E2_Y4_29,10,0.980600493152298,1114.0
X3_Y2_62,10,0.9805970085058107,9033.0
C3_Y4_38,10,0.9805896570004082,11805.0
E2_Y3_49,10,0.9805887800009542,4559.0
E2_Y3_58,10,0.9805885888947403,13962.0
E2_Y2_59,10,0.9805828671947532,9138.0
C3_Y5_40,10,0.9805818492736262,11310.0
E1_Y2_6,10,0.9805810380798816,1765.0
E2_Y2_40,10,0.9805788051989652,3384.0
X3_Y1_7,10,0.9805772707479624,3222.0
X3_Y1_7,10,0.9805769779858834,3223.0
E1_Y1_52,10,0.9805758815331407,1990.0
E2_Y1_32,10,0.9805754683622252,4516.0
E1_Y2_40,10,0.9805741147610181,10798.0
E2_Y3_42,10,0.9805736780873876,6752.0
E1_Y1_15,10,0.9805702771574951,16676.0
C3_Y5_35,10,0.9805680417313976,14317.0
E1_Y1_41,10,0.9805679267913892,5100.0
C3_Y2_3,10,0.9805657651660871,4030.0
E1_Y2_41,10,0.9805631704625778,8916.0
E2_Y3_10,10,0.9805601887212041,1106.0
E2_Y1_17,10,0.9805600145324033,11940.0
C3_Y5_29,10,0.9805497991019742,5068.0
E2_Y1_62,10,0.9805488286025891,13831.0
E1_Y1_15,10,0.9805480384988412,16675.0
X3_Y4_51,10,0.9805440033457272,10730.0
X3_Y5_14,10,0.980539422274882,2629.0
E1_Y2_46,10,0.9805384168147356,605.0
E1_Y2_17,10,0.9805379244215046,8207.0
X3_Y3_36,10,0.9805351486600437,8825.0
E2_Y2_40,10,0.9805341603916978,3382.0
E1_Y2_9,10,0.9805333995244189,15046.0
X3_Y3_36,10,0.9805324015862764,8827.0
E2_Y4_38,10,0.9805320641084847,681.0
E2_Y4_53,10,0.9805307498487786,6874.0
C3_Y1_22,10,0.980530239393276,14480.0
C3_Y4_20,10,0.9805278842585032,308.0
E2_Y2_60,10,0.9805262252544655,10456.0
X3_Y4_59,10,0.9805261689955512,5252.0
X3_Y5_14,10,0.9805239070011672,2628.0
E1_Y1_1,10,0.9805232471652848,6709.0
X3_Y2_60,10,0.9805219256390391,13446.0
E2_Y2_60,10,0.9805214315143278,10454.0
E2_Y2_40,10,0.9805208557356593,3386.0
E2_Y3_56,10,0.9805208430381379,698.0
X3_Y1_59,10,0.9805176454010521,7794.0
X3_Y5_14,10,0.9805158781558475,2622.0
X3_Y5_14,10,0.980515454198662,2623.0
E1_Y1_30,10,0.9805154130594493,4667.0
C3_Y5_29,10,0.9805141151305347,5066.0
E2_Y2_13,10,0.9805132448109988,10254.0
E2_Y5_22,10,0.9805126726845237,10620.0
E1_Y1_42,10,0.9805114213258034,11074.0
E2_Y3_18,10,0.9805091049080633,9614.0
E1_Y2_53,10,0.9805070655082326,7385.0
X3_Y1_59,10,0.9805069052280433,7796.0
E2_Y3_58,10,0.9805059707964316,13961.0
E2_Y3_32,10,0.9805037535745303,14310.0
E1_Y2_27,10,0.9805028921300132,5108.0
X3_Y1_59,10,0.9805011849851487,7797.0
C3_Y2_3,10,0.9805009739148735,4032.0
C3_Y5_35,10,0.9804983977751027,14316.0
X3_Y4_21,10,0.9804942503785481,11760.0
X3_Y1_59,10,0.9804928501882233,7798.0
E1_Y2_40,10,0.9804927624977396,10801.0
C3_Y2_3,10,0.9804918492412794,4033.0
E2_Y3_58,10,0.9804908858002781,13960.0
X3_Y1_59,10,0.9804905174586152,7795.0
C3_Y5_29,10,0.9804902174867661,5067.0
E1_Y2_8,10,0.9804895624952438,2817.0
E2_Y2_32,10,0.9804895189338512,2180.0
C3_Y4_35,10,0.9804892350940991,2112.0
E1_Y2_40,10,0.9804892104843722,10802.0
C3_Y2_39,10,0.9804887181952192,5942.0
X3_Y5_14,10,0.9804881363800244,2624.0
E2_Y2_59,10,0.9804875279397731,9139.0
X3_Y5_14,10,0.9804868384700329,2625.0
E2_Y2_57,10,0.9804867630607585,11517.0
E1_Y2_8,10,0.9804862010014689,2818.0
E1_Y2_41,10,0.9804833110380076,11536.0
C3_Y2_3,10,0.98048320423501,4031.0
E1_Y2_40,10,0.9804818034959102,10800.0
E2_Y2_13,10,0.9804794689875136,10257.0
E1_Y1_15,10,0.9804790250662666,16674.0
X3_Y5_14,10,0.9804784378011667,2627.0
X3_Y2_21,10,0.9804767830927137,3710.0
E1_Y2_53,10,0.9804733587168762,7107.0
X3_Y1_59,10,0.9804730950398799,7793.0
E1_Y1_19,10,0.9804730436253256,4119.0
E2_Y3_58,10,0.9804718394801911,13959.0
X3_Y5_14,10,0.9804710211996779,2626.0
E1_Y2_8,10,0.9804702615434889,2825.0
X3_Y3_29,10,0.980468243962201,6544.0
E2_Y3_41,10,0.9804680244332192,2707.0
X3_Y1_59,10,0.9804657026034207,7792.0
E2_Y1_24,10,0.9804649611325048,17346.0
X3_Y1_59,10,0.9804634352537482,7799.0
E2_Y3_58,10,0.9804627179667852,13958.0
C3_Y1_49,10,0.9804620362839751,9835.0
E2_Y5_52,10,0.9804612422725696,2133.0
E1_Y2_53,10,0.9804610767979397,7378.0
E2_Y4_29,10,0.9804608237463657,24870.0
C3_Y2_3,10,0.9804580671163416,4034.0
E2_Y1_32,10,0.9804563162776215,4519.0
E1_Y2_8,10,0.9804556382564663,2824.0
C3_Y2_19,10,0.9804532868685033,10993.0
E1_Y1_19,10,0.9804532082044245,4117.0
E1_Y2_8,10,0.9804519345351561,2820.0
E2_Y3_49,10,0.9804506124412116,4556.0
X3_Y2_57,10,0.9804506021658701,6126.0
X3_Y4_51,10,0.9804464702674823,10727.0
E1_Y2_8,10,0.9804460765307764,2819.0
E1_Y1_30,10,0.9804459688762314,4666.0
C3_Y2_39,10,0.9804453701436232,5941.0
X3_Y5_38,10,0.9804440327691295,4527.0
E2_Y3_49,10,0.9804431082249322,4555.0
C3_Y5_28,10,0.9804405082607509,12332.0
C3_Y2_39,10,0.9804391958555264,5943.0
E2_Y3_18,10,0.9804391529375253,9613.0
E2_Y3_43,10,0.9804389460871415,10591.0
E1_Y2_8,10,0.9804367501160847,2823.0
E2_Y3_58,10,0.9804355568707599,13963.0
E1_Y1_15,10,0.9804351958145601,16672.0
E2_Y3_32,10,0.980434158005065,14308.0
E2_Y2_51,10,0.980433845685775,1767.0
E1_Y1_15,10,0.9804335858596666,16667.0
E1_Y2_53,10,0.980428994352632,7384.0
X3_Y3_10,10,0.9804270644807511,8240.0
E1_Y2_8,10,0.9804269640927459,2822.0
E2_Y3_18,10,0.9804267391327824,9615.0
C3_Y3_13,10,0.9804247530019874,2828.0
C3_Y1_53,10,0.9804241857198722,7316.0
E2_Y3_49,10,0.9804239964302932,4558.0
C3_Y4_32,10,0.9804229942060279,1029.0
C3_Y2_18,10,0.9804226308317261,4115.0
C3_Y1_53,10,0.9804216032975723,7317.0
E2_Y5_22,10,0.9804215918111409,10624.0
E1_Y2_8,10,0.9804208939016175,2821.0
E2_Y3_41,10,0.9804206810147071,2706.0
E2_Y3_43,10,0.9804199141487481,10593.0
E2_Y3_55,10,0.9804182050358624,14595.0
E2_Y3_32,10,0.9804164937278762,14309.0
E2_Y4_56,10,0.9804159800554159,13801.0
E2_Y3_32,10,0.9804152168227267,14311.0
C3_Y2_3,10,0.9804148340047538,4036.0
E2_Y5_22,10,0.9804136143992989,10626.0
C3_Y1_11,10,0.9804114569181952,3092.0
X3_Y3_12,10,0.9804114133189559,9667.0
X3_Y4_34,10,0.9804109150311229,6247.0
E2_Y2_13,10,0.9804083366205587,11388.0
E2_Y3_10,10,0.9804080610786653,1293.0
E2_Y1_29,10,0.9804068146399979,11862.0
E2_Y4_9,10,0.9804038823640807,13353.0
X3_Y4_5,10,0.9804038222637405,10276.0
E2_Y1_24,10,0.9804003326404304,17345.0
C3_Y3_13,10,0.9803968497538081,2827.0
X3_Y4_57,10,0.9803962805415182,14387.0
E2_Y5_22,10,0.9803928594583315,10625.0
E2_Y3_7,10,0.9803867942061794,7039.0
E2_Y1_29,10,0.9803866714319328,11860.0
C3_Y5_50,10,0.980385524189104,5837.0
E2_Y3_58,10,0.9803828619862519,13957.0
E2_Y3_41,10,0.9803828202604175,2712.0
E2_Y5_22,10,0.9803818187646984,10619.0
E2_Y5_22,10,0.9803816330894659,10618.0
E2_Y1_29,10,0.9803810519176626,11861.0
E1_Y2_41,10,0.9803804583321868,11538.0
E1_Y2_40,10,0.98037924183015,10803.0
C3_Y2_3,10,0.9803792351880783,4035.0
E2_Y2_13,10,0.9803783564666059,10258.0
E1_Y2_27,10,0.9803760837616448,5107.0
E2_Y2_59,10,0.9803741291191892,9137.0
E2_Y2_13,10,0.9803737977157705,10255.0
C3_Y4_38,10,0.9803730169601234,11804.0
E2_Y2_57,10,0.9803705761407345,11515.0
X3_Y2_62,10,0.9803703815431752,9038.0
X3_Y5_18,10,0.9803645931859312,643.0
E2_Y5_22,10,0.9803634598517138,10622.0
E2_Y2_13,10,0.9803632100833292,10252.0
E2_Y3_10,10,0.980361914084589,1288.0
E1_Y2_41,10,0.9803579825080532,8918.0
X3_Y4_40,10,0.9803575082338636,17235.0
X3_Y1_10,10,0.9803570330513566,280.0
E2_Y3_12,10,0.9803553003979094,12385.0
E2_Y2_13,10,0.9803550258211033,10256.0
E2_Y3_41,10,0.9803517601358995,2708.0
E1_Y2_24,10,0.9803499996841528,18972.0
C3_Y4_3,10,0.9803496507199294,9558.0
X3_Y3_36,10,0.9803495267345929,8828.0
E1_Y2_41,10,0.9803492455346385,8917.0
X3_Y4_50,10,0.9803484303196968,13787.0
C3_Y2_39,10,0.9803482259104163,5938.0
E2_Y5_16,10,0.9803480565659753,9678.0
E2_Y4_56,10,0.9803451075713393,3968.0
X3_Y5_26,10,0.9803408303326925,8389.0
E1_Y1_55,10,0.980339169057861,5916.0
C3_Y1_53,10,0.9803381258552308,224.0
E1_Y1_1,10,0.9803364071293185,6711.0
E2_Y3_10,10,0.9803349720444638,1294.0
C3_Y5_37,10,0.9803327489752685,12090.0
X3_Y4_59,10,0.9803317360120412,5254.0
E2_Y4_56,10,0.9803309413477825,13803.0
C3_Y2_39,10,0.9803301841894664,5940.0
X3_Y2_24,10,0.9803294481684552,6960.0
E1_Y2_15,10,0.9803265925696721,10769.0
E2_Y2_32,10,0.9803257828046353,2179.0
E2_Y3_16,10,0.980322029447559,8879.0
E2_Y5_3,10,0.9803189980136497,15233.0
E2_Y5_12,10,0.9803183195761822,10925.0
E1_Y1_55,10,0.9803179440247493,9770.0
E1_Y1_1,10,0.980314117775195,6708.0
E2_Y3_58,10,0.9803118910916531,13964.0
E2_Y1_24,10,0.9803049056571199,17348.0
E1_Y2_41,10,0.9803047001313658,8915.0
E1_Y1_59,10,0.9803001723200948,17062.0
E2_Y5_22,10,0.9802987930399956,10617.0
E2_Y5_22,10,0.980295522453662,10623.0
E2_Y5_22,10,0.9802949346397869,10621.0
E2_Y3_46,10,0.9802946917594764,14606.0
E2_Y2_59,10,0.9802938745197436,9140.0
E2_Y3_10,10,0.9802913339935876,1105.0
E2_Y2_60,10,0.980290530908469,10455.0
E2_Y3_43,10,0.9802903198571168,10592.0
C3_Y2_39,10,0.9802849213289212,5939.0
X3_Y2_21,10,0.9802848056698282,3711.0
C3_Y2_19,10,0.9802807474965429,2822.0
E2_Y3_41,10,0.9802787680835127,2710.0
E2_Y5_9,10,0.980276156708593,15026.0
E1_Y1_1,10,0.9802745772769516,6713.0
E1_Y2_53,10,0.9802698591542445,7379.0
E1_Y2_40,10,0.980269781114634,10799.0
E2_Y5_7,10,0.9802689417535857,6730.0
E2_Y3_18,10,0.9802689127631193,9612.0
C3_Y5_37,10,0.9802644485529954,12091.0
C3_Y1_49,10,0.980261414384672,9834.0
C3_Y5_37,10,0.9802562405420523,12088.0
C3_Y2_59,10,0.9802560161687105,14862.0
E1_Y1_35,10,0.9802534756993244,11961.0
C3_Y5_37,10,0.9802523370098187,12089.0
E1_Y2_53,10,0.9802488610112707,12977.0
C3_Y5_29,10,0.9802485653160833,5065.0
E2_Y3_56,10,0.9802442245614441,8810.0
E1_Y1_55,10,0.9802440358963335,5917.0
E1_Y2_41,10,0.9802372497144867,11537.0
E1_Y1_29,10,0.9802365516062687,9158.0
E1_Y1_19,10,0.98023570157249,4118.0
E1_Y2_40,10,0.9802313451304511,10804.0
C3_Y1_57,10,0.9802310173792256,5549.0
E1_Y1_15,10,0.9802309357252685,16669.0
C3_Y3_13,10,0.9802274761332052,2826.0
E2_Y3_58,10,0.9802253753084046,13965.0
E2_Y5_46,10,0.9802251126721886,18790.0
E2_Y2_13,10,0.9802195379493245,10253.0
E1_Y1_55,10,0.9802192464740285,9769.0
E2_Y4_39,10,0.980218792646444,12902.0
X3_Y5_50,10,0.9802185587452302,1526.0
E2_Y4_36,10,0.9802174921912713,10545.0
E2_Y4_36,10,0.98021568891614,10543.0
E1_Y2_27,10,0.9802154717525681,4088.0
E2_Y4_45,10,0.9802148882721244,5589.0
E1_Y1_45,10,0.9802145315682792,8620.0
E2_Y3_58,10,0.9802132482670607,13966.0
E2_Y4_36,10,0.9802126060676762,10538.0
E2_Y4_36,10,0.9802108717489805,10542.0
E2_Y4_36,10,0.9802093714355763,10544.0
E1_Y1_15,10,0.9802080604117513,16671.0
C3_Y1_53,10,0.9802066828725938,226.0
C3_Y4_46,10,0.9802052587821655,11783.0
C3_Y5_25,10,0.9802029172153851,13282.0
E1_Y2_23,10,0.9802027879126066,8085.0
C3_Y5_29,10,0.9802024090117528,5063.0
E1_Y2_47,10,0.9802019848464111,14503.0
E2_Y4_36,10,0.980201567588067,10541.0
E1_Y1_1,10,0.9801999638967793,6712.0
E1_Y1_59,10,0.9801993670375759,17063.0
E1_Y2_48,10,0.9801993374037181,4171.0
E2_Y2_17,10,0.9801992249426597,6006.0
E2_Y4_36,10,0.9801991432887025,10539.0
E1_Y1_15,10,0.9801948323003841,16668.0
X3_Y3_36,10,0.9801931342765411,3138.0
E1_Y1_55,10,0.9801930689533754,5914.0
E1_Y1_60,10,0.9801907384188678,13149.0
C3_Y1_53,10,0.9801869426357958,223.0
E2_Y3_56,10,0.98018662820656,696.0
E1_Y2_43,10,0.980185341735692,18964.0
E1_Y1_42,10,0.9801850130288409,11073.0
X3_Y5_50,10,0.9801840877371741,1527.0
E2_Y4_26,10,0.9801806022769857,21423.0
C3_Y2_57,10,0.9801796305286641,14563.0
E2_Y4_36,10,0.9801774844393756,10540.0
C3_Y2_39,10,0.980177072612013,5937.0
E2_Y4_23,10,0.9801745263331799,3407.0
C3_Y3_53,10,0.9801744419921167,3614.0
X3_Y4_37,10,0.9801715625499997,16094.0
X3_Y3_53,10,0.9801671687723276,1020.0
E1_Y2_23,10,0.9801663252103109,8084.0
E2_Y3_18,10,0.9801653661595108,9616.0
E2_Y3_9,10,0.9801642547195296,12165.0
C3_Y5_37,10,0.9801579035366028,12093.0
C3_Y1_57,10,0.9801564299428714,5553.0
E2_Y2_13,10,0.9801559938937093,10249.0
E2_Y3_41,10,0.9801546557149761,2709.0
E1_Y1_55,10,0.9801524582300567,9767.0
E2_Y3_18,10,0.9801512869168146,9611.0
E1_Y2_40,10,0.9801474011724651,10805.0
C3_Y5_37,10,0.9801446292145836,12092.0
X3_Y2_58,10,0.9801428729448819,3810.0
E2_Y4_28,10,0.9801426434244077,7296.0
X3_Y4_37,10,0.980142193523404,16096.0
E2_Y4_29,10,0.980141344814255,1118.0
C3_Y2_52,10,0.9801411220115456,521.0
X3_Y1_10,10,0.9801383936339799,278.0
X3_Y2_41,10,0.9801372332205478,5177.0
X3_Y3_36,10,0.9801362008798806,3142.0
E2_Y2_15,10,0.9801351567121631,7684.0
E2_Y3_56,10,0.9801349771113039,697.0
C3_Y5_37,10,0.980131803090473,12094.0
E2_Y3_41,10,0.9801313241800795,2711.0
E2_Y3_30,10,0.9801296980930889,14218.0
C3_Y5_40,10,0.9801286544646848,4738.0
E2_Y2_57,10,0.9801276728384106,11518.0
X3_Y4_40,10,0.9801273284157747,17234.0
E1_Y2_47,10,0.9801233803759845,14505.0
X3_Y2_62,10,0.9801231822019251,9039.0
X3_Y3_4,10,0.9801224920887934,11315.0
E2_Y4_45,10,0.9801219605622175,5588.0
E1_Y1_15,10,0.9801216914731629,16670.0
X3_Y2_62,10,0.9801211418275453,9040.0
C3_Y1_46,10,0.9801205684994417,12660.0
E2_Y4_13,10,0.9801201577128599,15688.0
E2_Y2_15,10,0.9801186329789616,7685.0
X3_Y3_53,10,0.9801154160401295,1024.0
E2_Y4_24,10,0.9801137084032598,5369.0
E1_Y2_48,10,0.9801129852122331,4170.0
C3_Y5_25,10,0.9801076124764694,13281.0
E2_Y2_15,10,0.9801064842515379,7687.0
E2_Y2_13,10,0.9801040243953285,10250.0
E2_Y5_23,10,0.9801017437236661,9803.0
C3_Y2_52,10,0.9801007833103899,520.0
C3_Y2_52,10,0.9800968087401598,522.0
C3_Y5_35,10,0.9800964419123592,14315.0
X3_Y2_62,10,0.9800963316653246,2228.0
E1_Y2_9,10,0.9800942037991556,15044.0
E2_Y4_7,10,0.9800915081399428,8607.0
E1_Y2_36,10,0.980090067794416,783.0
E1_Y2_9,10,0.9800877887690791,15045.0
E1_Y1_23,10,0.9800859408728513,17805.0
X3_Y4_25,10,0.9800850490753915,14784.0
X3_Y2_41,10,0.9800824410309693,5176.0
E1_Y1_55,10,0.9800816174519373,9768.0
E2_Y5_58,10,0.9800800595076814,10869.0
E2_Y2_26,10,0.980079918936089,9905.0
E1_Y2_48,10,0.9800770171077307,4169.0
E1_Y2_36,10,0.9800767377433345,784.0
E2_Y4_29,10,0.9800759595991001,1115.0
E2_Y3_41,10,0.9800746318376331,14381.0
C3_Y4_3,10,0.9800671252843284,9559.0
E2_Y4_45,10,0.9800656934353548,5591.0
E1_Y1_59,10,0.9800618525770276,17064.0
X3_Y3_10,10,0.9800605338135806,8241.0
E1_Y1_42,10,0.9800591315795415,11072.0
C3_Y1_49,10,0.98005764962172,9833.0
X3_Y3_53,10,0.9800549678521954,1021.0
C3_Y4_35,10,0.980052509680158,2113.0
E1_Y1_55,10,0.9800522123954148,5912.0
E1_Y1_42,10,0.9800474415902937,11075.0
E2_Y4_26,10,0.9800467734470911,21421.0
X3_Y5_22,10,0.9800446353623504,7372.0
X3_Y4_59,10,0.9800428522215898,5257.0
E1_Y1_34,10,0.9800403749181155,1960.0
C3_Y2_52,10,0.9800400604888797,519.0
X3_Y3_53,10,0.980039825272498,1022.0
X3_Y4_59,10,0.9800374139166578,5255.0
X3_Y1_9,10,0.9800374032817737,3079.0
E2_Y5_52,10,0.980037316594224,2131.0
E1_Y2_40,10,0.9800370075770466,10806.0
E2_Y2_15,10,0.9800367148528141,7686.0
X3_Y4_10,10,0.9800356430571064,10807.0
X3_Y4_25,10,0.9800338077259371,14782.0
C3_Y5_29,10,0.9800318456087855,5061.0
X3_Y5_22,10,0.9800297087540581,7371.0
E2_Y2_13,10,0.9800296537251572,10251.0
E2_Y4_45,10,0.9800290267022441,5587.0
X3_Y4_25,10,0.9800284631669385,14783.0
E2_Y4_55,10,0.9800283778986347,4382.0
X3_Y2_57,10,0.9800255106241873,6127.0
C3_Y4_51,10,0.9800229638155022,3491.0
E1_Y2_39,10,0.9800220995135696,329.0
E2_Y2_5,10,0.9800206867014165,13795.0
X3_Y1_60,10,0.9800182215277653,1125.0
X3_Y5_22,10,0.9800129235578843,7370.0
X3_Y3_36,10,0.9800126726351793,3139.0
E1_Y1_49,10,0.9800121025334952,13960.0
X3_Y4_51,10,0.9800120964023523,10726.0
E2_Y2_60,10,0.980010768593577,13748.0
X3_Y4_25,10,0.9800104009520755,14785.0
C3_Y5_31,10,0.9800075674462229,2291.0
E1_Y2_56,10,0.9800070596683643,17346.0
X3_Y4_25,10,0.9800065036077547,14787.0
E1_Y1_55,10,0.9800040388504155,5915.0
E2_Y2_17,10,0.9800034556538212,6005.0
X3_Y5_49,10,0.9800030321697175,11426.0
E2_Y2_60,10,0.9800018349126574,13749.0
E1_Y2_56,10,0.9799990934401814,17348.0
C3_Y2_53,10,0.9799978097604974,10416.0
E2_Y2_15,10,0.9799977341998367,7688.0
E2_Y5_51,10,0.9799965745054889,13168.0
E1_Y2_56,10,0.9799924157549658,17347.0
X3_Y3_53,10,0.9799923576983399,1025.0
E2_Y3_4,10,0.9799905500897771,3020.0
C3_Y5_32,10,0.9799895811799477,5427.0
C3_Y5_30,10,0.9799848480321555,6628.0
E2_Y4_15,10,0.9799819663192447,23.0
E2_Y4_28,10,0.979977239264749,7295.0
C3_Y5_28,10,0.9799764677247396,12330.0
C3_Y5_29,10,0.9799760632396101,5064.0
C3_Y5_30,10,0.9799759326311251,6630.0
E2_Y4_15,10,0.9799751859184603,24.0
X3_Y4_25,10,0.9799740115207234,14781.0
C3_Y3_57,10,0.979973379218215,9995.0
X3_Y4_25,10,0.979972894952533,14786.0
E2_Y1_41,10,0.9799712043655395,16909.0
C3_Y3_30,10,0.9799700736995048,5845.0
E2_Y2_15,10,0.9799676485107462,7691.0
C3_Y2_59,10,0.9799670517461592,14861.0
X3_Y1_39,10,0.9799654216379714,3482.0
X3_Y1_60,10,0.9799645340225569,1123.0
X3_Y1_9,10,0.9799637117303079,3909.0
X3_Y3_53,10,0.9799631125435411,1023.0
X3_Y3_53,10,0.9799626252122877,1019.0
E2_Y5_51,10,0.97996184220477,13167.0
C3_Y2_53,10,0.9799615816122687,10419.0
E1_Y1_60,10,0.9799602057951298,13150.0
E1_Y1_34,10,0.9799580614278597,1959.0
E2_Y2_15,10,0.979953733503205,7683.0
C3_Y4_51,10,0.9799522164616207,3492.0
E1_Y1_55,10,0.9799513403515608,5913.0
X3_Y3_36,10,0.979950769587562,3140.0
C3_Y2_53,10,0.9799494170460585,10418.0
E2_Y3_12,10,0.9799456762161943,1092.0
X3_Y1_60,10,0.979944095724849,1124.0
E2_Y3_4,10,0.9799433787406585,3026.0
E2_Y4_50,10,0.9799427576596556,7301.0
E2_Y2_5,10,0.9799422845776327,13799.0
E1_Y1_30,10,0.9799420623426217,4664.0
C3_Y2_57,10,0.9799412775563154,14562.0
X3_Y4_25,10,0.9799385631819779,14778.0
C3_Y5_29,10,0.9799383275682072,5062.0
E2_Y1_51,10,0.9799381588860812,14317.0
X3_Y4_59,10,0.9799379720754521,5251.0
C3_Y4_51,10,0.9799375288732897,3490.0
X3_Y2_57,10,0.9799367900137864,6128.0
C3_Y5_30,10,0.9799362180576208,6631.0
E2_Y2_26,10,0.9799353153414281,9904.0
C3_Y2_30,10,0.979935293579655,7407.0
E2_Y3_18,10,0.9799352428841853,9610.0
X3_Y4_25,10,0.9799312840581249,14779.0
X3_Y3_12,10,0.9799292630706464,9663.0
E2_Y4_50,10,0.9799275513841947,7299.0
X3_Y1_39,10,0.9799256897685882,3475.0
C3_Y2_53,10,0.9799249745064161,10417.0
E2_Y2_17,10,0.9799237404624979,6007.0
E1_Y2_15,10,0.9799202445566585,10770.0
E2_Y2_26,10,0.9799202122167714,1069.0
X3_Y1_39,10,0.979920157490643,3481.0
X3_Y5_26,10,0.9799177129244445,8391.0
E1_Y1_55,10,0.9799159632778912,9766.0
E2_Y4_45,10,0.9799153435404413,5586.0
C3_Y5_28,10,0.9799135828994618,12331.0
X3_Y5_50,10,0.9799111443887133,1529.0
E1_Y2_23,10,0.9799104304322476,8083.0
C3_Y5_29,10,0.9799074236932198,5059.0
C3_Y2_53,10,0.97990742005995,10420.0
E2_Y1_51,10,0.9799072120741694,14318.0
X3_Y1_39,10,0.9799047899888287,3480.0
E2_Y1_54,10,0.9799017718012158,9688.0
E2_Y3_1,10,0.9799010819624718,14257.0
X3_Y1_39,10,0.9798997868247412,3478.0
E2_Y3_9,10,0.9798991962859137,3356.0
E2_Y2_15,10,0.979897731150889,7690.0
E1_Y2_15,10,0.9798968919601501,10771.0
X3_Y1_62,10,0.9798944305900783,7246.0
X3_Y1_39,10,0.9798933652472094,3477.0
C3_Y2_57,10,0.9798912237373548,14566.0
X3_Y1_39,10,0.9798902587824911,3476.0
E2_Y2_11,10,0.9798899069230058,6925.0
C3_Y4_51,10,0.9798896541647427,3489.0
C3_Y5_40,10,0.9798895239536467,4737.0
X3_Y5_50,10,0.9798878690748842,1528.0
X3_Y2_24,10,0.9798878011970756,6959.0
C3_Y2_30,10,0.9798869999475152,7409.0
X3_Y1_60,10,0.9798867665856148,1130.0
X3_Y4_25,10,0.9798847493827926,14780.0
E2_Y4_1,10,0.9798822858365435,16153.0
X3_Y1_39,10,0.9798811802627794,3483.0
X3_Y1_60,10,0.9798811377043206,1127.0
X3_Y2_41,10,0.9798810675557181,5178.0
X3_Y1_39,10,0.9798804019103888,3479.0
X3_Y1_60,10,0.9798798251098632,1129.0
E2_Y2_11,10,0.9798796787950552,6926.0
C3_Y5_40,10,0.9798771292235711,4736.0
E2_Y1_57,10,0.9798770511839604,5065.0
E2_Y4_50,10,0.9798768722264929,7300.0
E2_Y1_29,10,0.9798766122584597,11863.0
C3_Y1_57,10,0.9798764653191834,5548.0
E2_Y3_45,10,0.9798752404152097,7240.0
E2_Y5_46,10,0.9798746484003663,18792.0
X3_Y1_60,10,0.9798712494195718,1126.0
C3_Y2_57,10,0.9798666405598887,14175.0
E2_Y3_9,10,0.9798641385804561,4656.0
C3_Y5_57,10,0.979862734264856,7562.0
C3_Y2_42,10,0.9798617088501098,19110.0
C3_Y2_42,10,0.979859757216456,19111.0
E2_Y1_51,10,0.9798571713690424,14323.0
E1_Y2_59,10,0.9798565794677386,16315.0
E2_Y3_49,10,0.9798552009824172,17052.0
E2_Y4_26,10,0.9798545492456991,21422.0
X3_Y4_51,10,0.9798535029964207,823.0
E1_Y1_60,10,0.9798530089663258,13152.0
X3_Y2_41,10,0.9798522573714545,5175.0
E1_Y2_23,10,0.9798513019728478,8082.0
E1_Y1_30,10,0.9798510226273749,4665.0
E2_Y4_5,10,0.9798505548438706,16319.0
C3_Y5_30,10,0.9798489476896226,6629.0
X3_Y3_29,10,0.9798484869834254,7646.0
X3_Y1_60,10,0.9798470921862357,1131.0
C3_Y4_9,10,0.9798469156320248,6315.0
E2_Y3_43,10,0.9798468376491842,6742.0
C3_Y2_57,10,0.9798467451521871,14178.0
E2_Y3_43,10,0.9798451780396014,6738.0
C3_Y2_42,10,0.9798449851735223,19112.0
E2_Y3_43,10,0.9798449585863126,6743.0
X3_Y2_57,10,0.979843424740855,11685.0
E1_Y1_55,10,0.979842962236946,9765.0
E1_Y2_9,10,0.9798425795135896,15037.0
C3_Y5_29,10,0.9798418570416475,5060.0
X3_Y1_60,10,0.979841594026966,1128.0
X3_Y3_36,10,0.9798413782069472,3141.0
E1_Y1_23,10,0.9798394175090417,17807.0
X3_Y2_45,10,0.9798389403395903,3359.0
C3_Y2_57,10,0.9798382869376235,14179.0
E2_Y5_14,10,0.9798360941078311,483.0
E1_Y2_15,10,0.9798360372812187,10772.0
E1_Y2_46,10,0.9798355503662775,604.0
C3_Y2_57,10,0.9798336642639452,14177.0
E1_Y1_23,10,0.9798317676781156,17808.0
E2_Y3_43,10,0.9798316969428917,6741.0
E1_Y2_47,10,0.9798315031874183,14504.0
C3_Y2_57,10,0.9798309055334372,14182.0
E1_Y2_53,10,0.9798295548842619,12979.0
E2_Y5_52,10,0.979825750150478,2132.0
C3_Y2_57,10,0.9798251008927099,14176.0
E2_Y4_58,10,0.9798241071744592,14625.0
E2_Y3_43,10,0.9798239159357822,6739.0
E2_Y3_43,10,0.9798231734997789,6740.0
C3_Y2_57,10,0.9798220973327932,14180.0
E1_Y1_55,10,0.9798212445362156,5918.0
E1_Y2_41,10,0.9798207714920394,8919.0
E1_Y2_47,10,0.9798163247859503,14506.0
E2_Y5_52,10,0.979814700903522,2130.0
C3_Y2_57,10,0.9798124748444482,14183.0
E2_Y1_51,10,0.9798123025290522,14319.0
C3_Y2_57,10,0.9798118841542345,14570.0
E1_Y1_60,10,0.9798114856488618,13153.0
C3_Y2_57,10,0.9798112003993252,14181.0
C3_Y2_42,10,0.9798102717582376,19109.0
E2_Y4_1,10,0.9798094014197786,16152.0
E1_Y1_34,10,0.9798091333336578,1961.0
X3_Y4_59,10,0.9798072464554713,5256.0
C3_Y2_57,10,0.9798060995532616,14184.0
X3_Y2_57,10,0.9798043486956182,11684.0
X3_Y3_36,10,0.9798017556005879,3137.0
E2_Y4_23,10,0.9798016015272347,11839.0
E2_Y5_42,10,0.9797995018189078,13472.0
E2_Y4_26,10,0.9797993966433125,21425.0
C3_Y2_57,10,0.9797983168619802,14565.0
E1_Y1_39,10,0.9797972600724343,16266.0
E2_Y4_5,10,0.9797969463055134,16318.0
E2_Y4_1,10,0.9797969112217506,16154.0
E2_Y4_23,10,0.9797961077581662,11840.0
E1_Y2_24,10,0.9797960448761037,18971.0
E2_Y4_5,10,0.9797948526526363,16320.0
C3_Y4_9,10,0.9797947226686197,6316.0
X3_Y2_28,10,0.9797936138400513,5767.0
C3_Y2_1,10,0.9797917899196203,3867.0
E1_Y1_60,10,0.9797915893139193,13151.0
E2_Y3_13,10,0.9797912264600078,9779.0
E2_Y4_26,10,0.9797882027657203,9923.0
E2_Y3_13,10,0.9797867072777529,9780.0
C3_Y4_9,10,0.979786129909529,6322.0
C3_Y5_42,10,0.9797858953365387,7080.0
